

INSERT INTO application (APP_ID, APP_NAME, INS_USER) VALUES (1,'Aries','TEST');
INSERT INTO application (APP_ID, APP_NAME, INS_USER) VALUES (2,'Taurus','TEST');
INSERT INTO application (APP_ID, APP_NAME, INS_USER) VALUES (3,'Gemini','TEST');
INSERT INTO application (APP_ID, APP_NAME, INS_USER) VALUES (4,'Cancer','TEST');
INSERT INTO application (APP_ID, APP_NAME, INS_USER) VALUES (5,'Leo','TEST');
INSERT INTO application (APP_ID, APP_NAME, INS_USER) VALUES (6,'Virgo','TEST');
INSERT INTO application (APP_ID, APP_NAME, INS_USER) VALUES (7,'Libra','TEST');
INSERT INTO application (APP_ID, APP_NAME, INS_USER) VALUES (8,'Scorpio','TEST');
INSERT INTO application (APP_ID, APP_NAME, INS_USER) VALUES (9,'Sagittarius','TEST');
INSERT INTO application (APP_ID, APP_NAME, INS_USER) VALUES (10,'Capricorn','TEST');
INSERT INTO application (APP_ID, APP_NAME, INS_USER) VALUES (11,'Aquarius','TEST');
INSERT INTO application (APP_ID, APP_NAME, INS_USER) VALUES (12,'Pisces','TEST');

INSERT INTO environment (ENV_ID, APP_ID, ENV_NAME, ENV_CLASS, INS_USER) SELECT 1,APP_ID, CONCAT(APP_NAME,'-P'),'Prod','TEST' from application WHERE APP_ID=1;
INSERT INTO environment (ENV_ID, APP_ID, ENV_NAME, ENV_CLASS, INS_USER) SELECT 2,APP_ID, CONCAT(APP_NAME,'-T'),'Test','TEST' from application WHERE APP_ID=1;
INSERT INTO environment (ENV_ID, APP_ID, ENV_NAME, ENV_CLASS, INS_USER) SELECT 3,APP_ID, CONCAT(APP_NAME,'-D'),'Dev','TEST' From application wHERE APP_ID=1;

INSERT INTO environment (ENV_ID, APP_ID, ENV_NAME, ENV_CLASS, INS_USER) SELECT 4,APP_ID, CONCAT(APP_NAME,'-P'),'Prod','TEST' from application WHERE APP_ID=2;
INSERT INTO environment (ENV_ID, APP_ID, ENV_NAME, ENV_CLASS, INS_USER) SELECT 5,APP_ID, CONCAT(APP_NAME,'-T'),'Test','TEST' from application WHERE APP_ID=2;
INSERT INTO environment (ENV_ID, APP_ID, ENV_NAME, ENV_CLASS, INS_USER) SELECT 6,APP_ID, CONCAT(APP_NAME,'-D'),'Dev','TEST' From application wHERE APP_ID=2;

INSERT INTO environment (ENV_ID, APP_ID, ENV_NAME, ENV_CLASS, INS_USER) SELECT 7,APP_ID, CONCAT(APP_NAME,'-P'),'Prod','TEST' from application WHERE APP_ID=3;
INSERT INTO environment (ENV_ID, APP_ID, ENV_NAME, ENV_CLASS, INS_USER) SELECT 8,APP_ID, CONCAT(APP_NAME,'-T'),'Test','TEST' from application WHERE APP_ID=3;
INSERT INTO environment (ENV_ID, APP_ID, ENV_NAME, ENV_CLASS, INS_USER) SELECT 9,APP_ID, CONCAT(APP_NAME,'-D'),'Dev','TEST' From application wHERE APP_ID=3;

INSERT INTO environment (ENV_ID, APP_ID, ENV_NAME, ENV_CLASS, INS_USER) SELECT 10,APP_ID, CONCAT(APP_NAME,'-P'),'Prod','TEST' from application WHERE APP_ID=4;
INSERT INTO environment (ENV_ID, APP_ID, ENV_NAME, ENV_CLASS, INS_USER) SELECT 11,APP_ID, CONCAT(APP_NAME,'-T'),'Test','TEST' from application WHERE APP_ID=4;
INSERT INTO environment (ENV_ID, APP_ID, ENV_NAME, ENV_CLASS, INS_USER) SELECT 12,APP_ID, CONCAT(APP_NAME,'-D'),'Dev','TEST' from application WHERE APP_ID=4;

INSERT INTO environment (ENV_ID, APP_ID, ENV_NAME, ENV_CLASS, INS_USER) SELECT 20,APP_ID, CONCAT(APP_NAME,'-P'),'Prod','TEST' from application WHERE APP_ID=5;
INSERT INTO environment (ENV_ID, APP_ID, ENV_NAME, ENV_CLASS, INS_USER) SELECT 21,APP_ID, CONCAT(APP_NAME,'-T'),'Test','TEST' from application WHERE APP_ID=5;
INSERT INTO environment (ENV_ID, APP_ID, ENV_NAME, ENV_CLASS, INS_USER) SELECT 22,APP_ID, CONCAT(APP_NAME,'-D'),'Dev','TEST' from application WHERE APP_ID=5;

INSERT INTO environment (ENV_ID, APP_ID, ENV_NAME, ENV_CLASS, INS_USER) SELECT 30,APP_ID, CONCAT(APP_NAME,'-P'),'Prod','TEST' from application WHERE APP_ID=6;
INSERT INTO environment (ENV_ID, APP_ID, ENV_NAME, ENV_CLASS, INS_USER) SELECT 31,APP_ID, CONCAT(APP_NAME,'-T'),'Test','TEST' from application WHERE APP_ID=6;
INSERT INTO environment (ENV_ID, APP_ID, ENV_NAME, ENV_CLASS, INS_USER) SELECT 32,APP_ID, CONCAT(APP_NAME,'-D'),'Dev','TEST' from application WHERE APP_ID=6;

INSERT INTO environment (ENV_ID, APP_ID, ENV_NAME, ENV_CLASS, INS_USER) SELECT 40,APP_ID, CONCAT(APP_NAME,'-P'),'Prod','TEST' from application WHERE APP_ID=7;
INSERT INTO environment (ENV_ID, APP_ID, ENV_NAME, ENV_CLASS, INS_USER) SELECT 41,APP_ID, CONCAT(APP_NAME,'-T'),'Test','TEST' from application WHERE APP_ID=7;
INSERT INTO environment (ENV_ID, APP_ID, ENV_NAME, ENV_CLASS, INS_USER) SELECT 42,APP_ID, CONCAT(APP_NAME,'-D'),'Dev','TEST' from application WHERE APP_ID=7;

INSERT INTO environment (ENV_ID, APP_ID, ENV_NAME, ENV_CLASS, INS_USER) SELECT 47,APP_ID, CONCAT(APP_NAME,'-P'),'Prod','TEST' from application WHERE APP_ID=8;
INSERT INTO environment (ENV_ID, APP_ID, ENV_NAME, ENV_CLASS, INS_USER) SELECT 48,APP_ID, CONCAT(APP_NAME,'-T'),'Test','TEST' from application WHERE APP_ID=8;
INSERT INTO environment (ENV_ID, APP_ID, ENV_NAME, ENV_CLASS, INS_USER) SELECT 49,APP_ID, CONCAT(APP_NAME,'-D'),'Dev','TEST' from application WHERE APP_ID=8;

INSERT INTO environment (ENV_ID, APP_ID, ENV_NAME, ENV_CLASS, INS_USER) SELECT 50,APP_ID, CONCAT(APP_NAME,'-P'),'Prod','TEST' from application WHERE APP_ID=9;
INSERT INTO environment (ENV_ID, APP_ID, ENV_NAME, ENV_CLASS, INS_USER) SELECT 51,APP_ID, CONCAT(APP_NAME,'-T'),'Test','TEST' from application WHERE APP_ID=9;
INSERT INTO environment (ENV_ID, APP_ID, ENV_NAME, ENV_CLASS, INS_USER) SELECT 52,APP_ID, CONCAT(APP_NAME,'-D'),'Dev','TEST' from application WHERE APP_ID=9;

INSERT INTO environment (ENV_ID, APP_ID, ENV_NAME, ENV_CLASS, INS_USER) SELECT 60,APP_ID, CONCAT(APP_NAME,'-P'),'Prod','TEST' from application WHERE APP_ID=10;
INSERT INTO environment (ENV_ID, APP_ID, ENV_NAME, ENV_CLASS, INS_USER) SELECT 61,APP_ID, CONCAT(APP_NAME,'-T'),'Test','TEST' from application WHERE APP_ID=10;
INSERT INTO environment (ENV_ID, APP_ID, ENV_NAME, ENV_CLASS, INS_USER) SELECT 62,APP_ID, CONCAT(APP_NAME,'-D'),'Dev','TEST' from application WHERE APP_ID=10;

INSERT INTO environment (ENV_ID, APP_ID, ENV_NAME, ENV_CLASS, INS_USER) SELECT 70,APP_ID, CONCAT(APP_NAME,'-P'),'Prod','TEST' from application WHERE APP_ID=11;
INSERT INTO environment (ENV_ID, APP_ID, ENV_NAME, ENV_CLASS, INS_USER) SELECT 71,APP_ID, CONCAT(APP_NAME,'-T'),'Test','TEST' from application WHERE APP_ID=11;
INSERT INTO environment (ENV_ID, APP_ID, ENV_NAME, ENV_CLASS, INS_USER) SELECT 72,APP_ID, CONCAT(APP_NAME,'-D'),'Dev','TEST' from application WHERE APP_ID=11;

INSERT INTO environment (ENV_ID, APP_ID, ENV_NAME, ENV_CLASS, INS_USER) SELECT 80,APP_ID, CONCAT(APP_NAME,'-P'),'Prod','TEST' from application WHERE APP_ID=12;
INSERT INTO environment (ENV_ID, APP_ID, ENV_NAME, ENV_CLASS, INS_USER) SELECT 81,APP_ID, CONCAT(APP_NAME,'-T'),'Test','TEST' from application WHERE APP_ID=12;
INSERT INTO environment (ENV_ID, APP_ID, ENV_NAME, ENV_CLASS, INS_USER) SELECT 82,APP_ID, CONCAT(APP_NAME,'-D'),'Dev','TEST' from application WHERE APP_ID=12;


insert into host (hostname, domain, OS, INS_USER) VALUES ('ABC001','example.net','Windows 2008','TEST');
insert into host (hostname, domain, OS, INS_USER) VALUES ('ABC002','example.net','Windows 2008','TEST');
insert into host (hostname, domain, OS, INS_USER) VALUES ('ABC003','example.net','Windows 2008','TEST');
insert into host (hostname, domain, OS, INS_USER) VALUES ('ABC004','example.net','Windows 2008','TEST');
insert into host (hostname, domain, OS, INS_USER) VALUES ('ABC005','example.net','Windows 2008','TEST');
insert into host (hostname, domain, OS, INS_USER) VALUES ('ABC006','example.net','Windows 2008','TEST');
insert into host (hostname, domain, OS, INS_USER) VALUES ('ABC007','example.net','Windows 2008','TEST');
insert into host (hostname, domain, OS, INS_USER) VALUES ('ABC008','example.net','Windows 2008','TEST');
insert into host (hostname, domain, OS, INS_USER) VALUES ('ABC009','example.net','Windows 2008','TEST');
insert into host (hostname, domain, OS, INS_USER) VALUES ('ABC010','example.net','Windows 2008','TEST');
insert into host (hostname, domain, OS, INS_USER) VALUES ('ABC011','example.net','Windows 2008','TEST');
insert into host (hostname, domain, OS, INS_USER) VALUES ('ABC012','example.net','Windows 2008','TEST');
insert into host (hostname, domain, OS, INS_USER) VALUES ('ABC013','example.net','Windows 2008','TEST');
insert into host (hostname, domain, OS, INS_USER) VALUES ('ABC014','example.net','Windows 2008','TEST');
insert into host (hostname, domain, OS, INS_USER) VALUES ('ABC015','example.net','Windows 2008','TEST');
insert into host (hostname, domain, OS, INS_USER) VALUES ('ABC016','example.net','Windows 2008','TEST');
insert into host (hostname, domain, OS, INS_USER) VALUES ('ABC017','example.net','Windows 2008','TEST');
insert into host (hostname, domain, OS, INS_USER) VALUES ('ABC018','example.net','Windows 2008','TEST');
insert into host (hostname, domain, OS, INS_USER) VALUES ('ABC019','example.net','Windows 2008','TEST');
insert into host (hostname, domain, OS, INS_USER) VALUES ('ABC020','example.net','Windows 2008','TEST');
insert into host (hostname, domain, OS, INS_USER) VALUES ('ABC021','example.net','Windows 2008','TEST');
insert into host (hostname, domain, OS, INS_USER) VALUES ('ABC022','example.net','Windows 2008','TEST');
insert into host (hostname, domain, OS, INS_USER) VALUES ('ABC023','example.net','Windows 2008','TEST');
insert into host (hostname, domain, OS, INS_USER) VALUES ('ABC024','example.net','Windows 2008','TEST');
insert into host (hostname, domain, OS, INS_USER) VALUES ('ABC025','example.net','Windows 2008','TEST');
insert into host (hostname, domain, OS, INS_USER) VALUES ('ABC026','example.net','Windows 2008','TEST');
insert into host (hostname, domain, OS, INS_USER) VALUES ('ABC027','example.net','Windows 2008','TEST');
insert into host (hostname, domain, OS, INS_USER) VALUES ('ABC028','example.net','Windows 2008','TEST');
insert into host (hostname, domain, OS, INS_USER) VALUES ('ABC029','example.net','Windows 2008','TEST');
insert into host (hostname, domain, OS, INS_USER) VALUES ('ABC030','example.net','Windows 2008','TEST');
insert into host (hostname, domain, OS, INS_USER) VALUES ('ABC031','example.net','Windows 2008','TEST');
insert into host (hostname, domain, OS, INS_USER) VALUES ('ABC032','example.net','Windows 2008','TEST');
insert into host (hostname, domain, OS, INS_USER) VALUES ('ABC033','example.net','Windows 2008','TEST');
insert into host (hostname, domain, OS, INS_USER) VALUES ('ABC034','example.net','Windows 2008','TEST');
insert into host (hostname, domain, OS, INS_USER) VALUES ('xyz100001','example.net','Red Hat Linux','TEST');
insert into host (hostname, domain, OS, INS_USER) VALUES ('xyz100002','example.net','Red Hat Linux','TEST');
insert into host (hostname, domain, OS, INS_USER) VALUES ('xyz100003','example.net','Red Hat Linux','TEST');
insert into host (hostname, domain, OS, INS_USER) VALUES ('xyz100004','example.net','Red Hat Linux','TEST');
insert into host (hostname, domain, OS, INS_USER) VALUES ('xyz100005','example.net','Red Hat Linux','TEST');
insert into host (hostname, domain, OS, INS_USER) VALUES ('xyz100006','example.net','Red Hat Linux','TEST');
insert into host (hostname, domain, OS, INS_USER) VALUES ('xyz100007','example.net','Red Hat Linux','TEST');
insert into host (hostname, domain, OS, INS_USER) VALUES ('xyz100008','example.net','Red Hat Linux','TEST');
insert into host (hostname, domain, OS, INS_USER) VALUES ('xyz100009','example.net','Red Hat Linux','TEST');
insert into host (hostname, domain, OS, INS_USER) VALUES ('xyz100010','example.net','Red Hat Linux','TEST');
insert into host (hostname, domain, OS, INS_USER) VALUES ('xyz100011','example.net','Red Hat Linux','TEST');
insert into host (hostname, domain, OS, INS_USER) VALUES ('xyz100012','example.net','Red Hat Linux','TEST');
insert into host (hostname, domain, OS, INS_USER) VALUES ('xyz100013','example.net','Red Hat Linux','TEST');
insert into host (hostname, domain, OS, INS_USER) VALUES ('xyz100014','example.net','Red Hat Linux','TEST');
insert into host (hostname, domain, OS, INS_USER) VALUES ('xyz100015','example.net','Red Hat Linux','TEST');
insert into host (hostname, domain, OS, INS_USER) VALUES ('xyz100016','example.net','Red Hat Linux','TEST');
insert into host (hostname, domain, OS, INS_USER) VALUES ('xyz100017','example.net','Red Hat Linux','TEST');
insert into host (hostname, domain, OS, INS_USER) VALUES ('xyz100018','example.net','Red Hat Linux','TEST');
insert into host (hostname, domain, OS, INS_USER) VALUES ('xyz100019','example.net','Red Hat Linux','TEST');
insert into host (hostname, domain, OS, INS_USER) VALUES ('xyz100020','example.net','Red Hat Linux','TEST');
insert into host (hostname, domain, OS, INS_USER) VALUES ('xyz100021','example.net','Red Hat Linux','TEST');
insert into host (hostname, domain, OS, INS_USER) VALUES ('xyz100022','example.net','Red Hat Linux','TEST');
insert into host (hostname, domain, OS, INS_USER) VALUES ('xyz100023','example.net','Red Hat Linux','TEST');
insert into host (hostname, domain, OS, INS_USER) VALUES ('xyz100024','example.net','Red Hat Linux','TEST');
insert into host (hostname, domain, OS, INS_USER) VALUES ('xyz100025','example.net','Red Hat Linux','TEST');
insert into host (hostname, domain, OS, INS_USER) VALUES ('xyz100026','example.net','Red Hat Linux','TEST');
insert into host (hostname, domain, OS, INS_USER) VALUES ('xyz100027','example.net','Red Hat Linux','TEST');
insert into host (hostname, domain, OS, INS_USER) VALUES ('xyz100028','example.net','Red Hat Linux','TEST');
insert into host (hostname, domain, OS, INS_USER) VALUES ('xyz100029','example.net','Red Hat Linux','TEST');
insert into host (hostname, domain, OS, INS_USER) VALUES ('xyz100030','example.net','Red Hat Linux','TEST');
insert into host (hostname, domain, OS, INS_USER) VALUES ('xyz100031','example.net','Red Hat Linux','TEST');
insert into host (hostname, domain, OS, INS_USER) VALUES ('xyz100032','example.net','Red Hat Linux','TEST');
insert into host (hostname, domain, OS, INS_USER) VALUES ('xyz100033','example.net','Red Hat Linux','TEST');
insert into host (hostname, domain, OS, INS_USER) VALUES ('xyz100034','example.net','Red Hat Linux','TEST');
insert into host (hostname, domain, OS, INS_USER) VALUES ('xyz100035','example.net','Red Hat Linux','TEST');
insert into host (hostname, domain, OS, INS_USER) VALUES ('xyz100036','example.net','Red Hat Linux','TEST');
insert into host (hostname, domain, OS, INS_USER) VALUES ('xyz100037','example.net','Red Hat Linux','TEST');
insert into host (hostname, domain, OS, INS_USER) VALUES ('xyz100038','example.net','Red Hat Linux','TEST');
insert into host (hostname, domain, OS, INS_USER) VALUES ('xyz100039','example.net','Red Hat Linux','TEST');
insert into host (hostname, domain, OS, INS_USER) VALUES ('xyz100040','example.net','Red Hat Linux','TEST');
insert into host (hostname, domain, OS, INS_USER) VALUES ('xyz100041','example.net','Red Hat Linux','TEST');
insert into host (hostname, domain, OS, INS_USER) VALUES ('xyz100042','example.net','Red Hat Linux','TEST');
insert into host (hostname, domain, OS, INS_USER) VALUES ('xyz100043','example.net','Red Hat Linux','TEST');
insert into host (hostname, domain, OS, INS_USER) VALUES ('xyz100044','example.net','Red Hat Linux','TEST');
insert into host (hostname, domain, OS, INS_USER) VALUES ('xyz100045','example.net','Red Hat Linux','TEST');
insert into host (hostname, domain, OS, INS_USER) VALUES ('xyz100046','example.net','Red Hat Linux','TEST');
insert into host (hostname, domain, OS, INS_USER) VALUES ('xyz100047','example.net','Red Hat Linux','TEST');
insert into host (hostname, domain, OS, INS_USER) VALUES ('xyz100048','example.net','Red Hat Linux','TEST');
insert into host (hostname, domain, OS, INS_USER) VALUES ('xyz100049','example.net','Red Hat Linux','TEST');
insert into host (hostname, domain, OS, INS_USER) VALUES ('xyz100050','example.net','Red Hat Linux','TEST');
insert into host (hostname, domain, OS, INS_USER) VALUES ('xyz100051','example.net','Red Hat Linux','TEST');
insert into host (hostname, domain, OS, INS_USER) VALUES ('xyz100052','example.net','Red Hat Linux','TEST');
insert into host (hostname, domain, OS, INS_USER) VALUES ('xyz100053','example.net','Red Hat Linux','TEST');
insert into host (hostname, domain, OS, INS_USER) VALUES ('xyz100054','example.net','Red Hat Linux','TEST');
insert into host (hostname, domain, OS, INS_USER) VALUES ('xyz100055','example.net','Red Hat Linux','TEST');
insert into host (hostname, domain, OS, INS_USER) VALUES ('xyz100056','example.net','Red Hat Linux','TEST');
insert into host (hostname, domain, OS, INS_USER) VALUES ('xyz100057','example.net','Red Hat Linux','TEST');
insert into host (hostname, domain, OS, INS_USER) VALUES ('xyz100058','example.net','Red Hat Linux','TEST');
insert into host (hostname, domain, OS, INS_USER) VALUES ('xyz100059','example.net','Red Hat Linux','TEST');
insert into host (hostname, domain, OS, INS_USER) VALUES ('xyz100060','example.net','Red Hat Linux','TEST');

INSERT INTO service(SERVICENAME,STATUS,SERVER_BRAND,SERVICE_TYPE,PORT,HOST_MACHINE,INS_USER) VALUES ('PAQUD','Active','MySQL','Database','3306','xyz100001','TEST');
INSERT INTO service(SERVICENAME,STATUS,SERVER_BRAND,SERVICE_TYPE,PORT,HOST_MACHINE,INS_USER) VALUES ('PARID','Active','Oracle','Database','1524','xyz100002','TEST');
INSERT INTO service(SERVICENAME,STATUS,SERVER_BRAND,SERVICE_TYPE,PORT,HOST_MACHINE,INS_USER) VALUES ('PCAND','Active','Oracle','Database','1524','xyz100003','TEST');
INSERT INTO service(SERVICENAME,STATUS,SERVER_BRAND,SERVICE_TYPE,PORT,HOST_MACHINE,INS_USER) VALUES ('PCAPD','Active','MySQL','Database','3306','xyz100004','TEST');
INSERT INTO service(SERVICENAME,STATUS,SERVER_BRAND,SERVICE_TYPE,PORT,HOST_MACHINE,INS_USER) VALUES ('PGEMD','Active','Oracle','Database','1524','xyz100005','TEST');
INSERT INTO service(SERVICENAME,STATUS,SERVER_BRAND,SERVICE_TYPE,PORT,HOST_MACHINE,INS_USER) VALUES ('PLEOD','Active','Oracle','Database','1524','xyz100006','TEST');
INSERT INTO service(SERVICENAME,STATUS,SERVER_BRAND,SERVICE_TYPE,PORT,HOST_MACHINE,INS_USER) VALUES ('PLIBD','Active','Oracle','Database','1524','xyz100007','TEST');
INSERT INTO service(SERVICENAME,STATUS,SERVER_BRAND,SERVICE_TYPE,PORT,HOST_MACHINE,INS_USER) VALUES ('PPISD','Active','Oracle','Database','1524','xyz100008','TEST');
INSERT INTO service(SERVICENAME,STATUS,SERVER_BRAND,SERVICE_TYPE,PORT,HOST_MACHINE,INS_USER) VALUES ('PSAGD','Active','Oracle','Database','1524','xyz100009','TEST');
INSERT INTO service(SERVICENAME,STATUS,SERVER_BRAND,SERVICE_TYPE,PORT,HOST_MACHINE,INS_USER) VALUES ('PSCOD','Active','MS SQL','Database','','ABC001','TEST');
INSERT INTO service(SERVICENAME,STATUS,SERVER_BRAND,SERVICE_TYPE,PORT,HOST_MACHINE,INS_USER) VALUES ('PTAUD','Active','MS SQL','Database','','ABC002','TEST');
INSERT INTO service(SERVICENAME,STATUS,SERVER_BRAND,SERVICE_TYPE,PORT,HOST_MACHINE,INS_USER) VALUES ('PVIRD','Active','MySQL','Database','3306','xyz100010','TEST');
INSERT INTO service(SERVICENAME,STATUS,SERVER_BRAND,SERVICE_TYPE,PORT,HOST_MACHINE,INS_USER) VALUES ('TAQUD','Active','MySQL','Database','3306','xyz100011','TEST');
INSERT INTO service(SERVICENAME,STATUS,SERVER_BRAND,SERVICE_TYPE,PORT,HOST_MACHINE,INS_USER) VALUES ('TARID','Active','Oracle','Database','1524','xyz100012','TEST');
INSERT INTO service(SERVICENAME,STATUS,SERVER_BRAND,SERVICE_TYPE,PORT,HOST_MACHINE,INS_USER) VALUES ('TCAND','Active','Oracle','Database','1524','xyz100013','TEST');
INSERT INTO service(SERVICENAME,STATUS,SERVER_BRAND,SERVICE_TYPE,PORT,HOST_MACHINE,INS_USER) VALUES ('TCAPD','Active','MySQL','Database','3306','xyz100014','TEST');
INSERT INTO service(SERVICENAME,STATUS,SERVER_BRAND,SERVICE_TYPE,PORT,HOST_MACHINE,INS_USER) VALUES ('TGEMD','Active','Oracle','Database','1524','xyz100015','TEST');
INSERT INTO service(SERVICENAME,STATUS,SERVER_BRAND,SERVICE_TYPE,PORT,HOST_MACHINE,INS_USER) VALUES ('TLEOD','Active','Oracle','Database','1524','xyz100016','TEST');
INSERT INTO service(SERVICENAME,STATUS,SERVER_BRAND,SERVICE_TYPE,PORT,HOST_MACHINE,INS_USER) VALUES ('TLIBD','Active','Oracle','Database','1524','xyz100017','TEST');
INSERT INTO service(SERVICENAME,STATUS,SERVER_BRAND,SERVICE_TYPE,PORT,HOST_MACHINE,INS_USER) VALUES ('TPISD','Active','Oracle','Database','1524','xyz100018','TEST');
INSERT INTO service(SERVICENAME,STATUS,SERVER_BRAND,SERVICE_TYPE,PORT,HOST_MACHINE,INS_USER) VALUES ('TSAGD','Active','Oracle','Database','1524','xyz100019','TEST');
INSERT INTO service(SERVICENAME,STATUS,SERVER_BRAND,SERVICE_TYPE,PORT,HOST_MACHINE,INS_USER) VALUES ('TSCOD','Active','MS SQL','Database','','ABC003','TEST');
INSERT INTO service(SERVICENAME,STATUS,SERVER_BRAND,SERVICE_TYPE,PORT,HOST_MACHINE,INS_USER) VALUES ('TTAUD','Active','MS SQL','Database','','ABC004','TEST');
INSERT INTO service(SERVICENAME,STATUS,SERVER_BRAND,SERVICE_TYPE,PORT,HOST_MACHINE,INS_USER) VALUES ('TVIRD','Active','MySQL','Database','3306','xyz100020','TEST');
INSERT INTO service(SERVICENAME,STATUS,SERVER_BRAND,SERVICE_TYPE,PORT,HOST_MACHINE,INS_USER) VALUES ('DAQUD','Active','MySQL','Database','3306','xyz100021','TEST');
INSERT INTO service(SERVICENAME,STATUS,SERVER_BRAND,SERVICE_TYPE,PORT,HOST_MACHINE,INS_USER) VALUES ('DARID','Active','Oracle','Database','1524','xyz100022','TEST');
INSERT INTO service(SERVICENAME,STATUS,SERVER_BRAND,SERVICE_TYPE,PORT,HOST_MACHINE,INS_USER) VALUES ('DCAND','Active','Oracle','Database','1524','xyz100023','TEST');
INSERT INTO service(SERVICENAME,STATUS,SERVER_BRAND,SERVICE_TYPE,PORT,HOST_MACHINE,INS_USER) VALUES ('DCAPD','Active','MySQL','Database','3306','xyz100024','TEST');
INSERT INTO service(SERVICENAME,STATUS,SERVER_BRAND,SERVICE_TYPE,PORT,HOST_MACHINE,INS_USER) VALUES ('DGEMD','Active','Oracle','Database','1524','xyz100025','TEST');
INSERT INTO service(SERVICENAME,STATUS,SERVER_BRAND,SERVICE_TYPE,PORT,HOST_MACHINE,INS_USER) VALUES ('DLEOD','Active','Oracle','Database','1524','xyz100026','TEST');
INSERT INTO service(SERVICENAME,STATUS,SERVER_BRAND,SERVICE_TYPE,PORT,HOST_MACHINE,INS_USER) VALUES ('DLIBD','Active','Oracle','Database','1524','xyz100027','TEST');
INSERT INTO service(SERVICENAME,STATUS,SERVER_BRAND,SERVICE_TYPE,PORT,HOST_MACHINE,INS_USER) VALUES ('DPISD','Active','Oracle','Database','1524','xyz100028','TEST');
INSERT INTO service(SERVICENAME,STATUS,SERVER_BRAND,SERVICE_TYPE,PORT,HOST_MACHINE,INS_USER) VALUES ('DSAGD','Active','Oracle','Database','1524','xyz100029','TEST');
INSERT INTO service(SERVICENAME,STATUS,SERVER_BRAND,SERVICE_TYPE,PORT,HOST_MACHINE,INS_USER) VALUES ('DSCOD','Active','MS SQL','Database','','ABC005','TEST');
INSERT INTO service(SERVICENAME,STATUS,SERVER_BRAND,SERVICE_TYPE,PORT,HOST_MACHINE,INS_USER) VALUES ('DTAUD','Active','MS SQL','Database','','ABC006','TEST');
INSERT INTO service(SERVICENAME,STATUS,SERVER_BRAND,SERVICE_TYPE,PORT,HOST_MACHINE,INS_USER) VALUES ('DVIRD','Active','MySQL','Database','3306','xyz100030','TEST');
INSERT INTO service(SERVICENAME,STATUS,SERVER_BRAND,SERVICE_TYPE,PORT,HOST_MACHINE,INS_USER) VALUES ('PAQUH','Active','Apache','HTTP','80','xyz100031','TEST');
INSERT INTO service(SERVICENAME,STATUS,SERVER_BRAND,SERVICE_TYPE,PORT,HOST_MACHINE,INS_USER) VALUES ('PARIH','Active','Apache','HTTP','80','xyz100032','TEST');
INSERT INTO service(SERVICENAME,STATUS,SERVER_BRAND,SERVICE_TYPE,PORT,HOST_MACHINE,INS_USER) VALUES ('PCANH','Active','Apache','HTTP','80','xyz100033','TEST');
INSERT INTO service(SERVICENAME,STATUS,SERVER_BRAND,SERVICE_TYPE,PORT,HOST_MACHINE,INS_USER) VALUES ('PCAPH','Active','Apache','HTTP','80','xyz100034','TEST');
INSERT INTO service(SERVICENAME,STATUS,SERVER_BRAND,SERVICE_TYPE,PORT,HOST_MACHINE,INS_USER) VALUES ('PGEMH','Active','Apache','HTTP','80','xyz100035','TEST');
INSERT INTO service(SERVICENAME,STATUS,SERVER_BRAND,SERVICE_TYPE,PORT,HOST_MACHINE,INS_USER) VALUES ('PLEOH','Active','Apache','HTTP','80','xyz100036','TEST');
INSERT INTO service(SERVICENAME,STATUS,SERVER_BRAND,SERVICE_TYPE,PORT,HOST_MACHINE,INS_USER) VALUES ('PLIBH','Active','Apache','HTTP','80','xyz100037','TEST');
INSERT INTO service(SERVICENAME,STATUS,SERVER_BRAND,SERVICE_TYPE,PORT,HOST_MACHINE,INS_USER) VALUES ('PPISH','Active','Apache','HTTP','80','xyz100038','TEST');
INSERT INTO service(SERVICENAME,STATUS,SERVER_BRAND,SERVICE_TYPE,PORT,HOST_MACHINE,INS_USER) VALUES ('PSAGH','Active','Apache','HTTP','80','xyz100039','TEST');
INSERT INTO service(SERVICENAME,STATUS,SERVER_BRAND,SERVICE_TYPE,PORT,HOST_MACHINE,INS_USER) VALUES ('PSCOH','Active','Apache','HTTP','80','ABC011','TEST');
INSERT INTO service(SERVICENAME,STATUS,SERVER_BRAND,SERVICE_TYPE,PORT,HOST_MACHINE,INS_USER) VALUES ('PTAUH','Active','Apache','HTTP','80','ABC012','TEST');
INSERT INTO service(SERVICENAME,STATUS,SERVER_BRAND,SERVICE_TYPE,PORT,HOST_MACHINE,INS_USER) VALUES ('PVIRH','Active','Apache','HTTP','80','xyz100040','TEST');
INSERT INTO service(SERVICENAME,STATUS,SERVER_BRAND,SERVICE_TYPE,PORT,HOST_MACHINE,INS_USER) VALUES ('TAQUH','Active','Apache','HTTP','80','xyz100041','TEST');
INSERT INTO service(SERVICENAME,STATUS,SERVER_BRAND,SERVICE_TYPE,PORT,HOST_MACHINE,INS_USER) VALUES ('TARIH','Active','Apache','HTTP','80','xyz100042','TEST');
INSERT INTO service(SERVICENAME,STATUS,SERVER_BRAND,SERVICE_TYPE,PORT,HOST_MACHINE,INS_USER) VALUES ('TCANH','Active','Apache','HTTP','80','xyz100043','TEST');
INSERT INTO service(SERVICENAME,STATUS,SERVER_BRAND,SERVICE_TYPE,PORT,HOST_MACHINE,INS_USER) VALUES ('TCAPH','Active','Apache','HTTP','80','xyz100044','TEST');
INSERT INTO service(SERVICENAME,STATUS,SERVER_BRAND,SERVICE_TYPE,PORT,HOST_MACHINE,INS_USER) VALUES ('TGEMH','Active','Apache','HTTP','80','xyz100045','TEST');
INSERT INTO service(SERVICENAME,STATUS,SERVER_BRAND,SERVICE_TYPE,PORT,HOST_MACHINE,INS_USER) VALUES ('TLEOH','Active','Apache','HTTP','80','xyz100046','TEST');
INSERT INTO service(SERVICENAME,STATUS,SERVER_BRAND,SERVICE_TYPE,PORT,HOST_MACHINE,INS_USER) VALUES ('TLIBH','Active','Apache','HTTP','80','xyz100047','TEST');
INSERT INTO service(SERVICENAME,STATUS,SERVER_BRAND,SERVICE_TYPE,PORT,HOST_MACHINE,INS_USER) VALUES ('TPISH','Active','Apache','HTTP','80','xyz100048','TEST');
INSERT INTO service(SERVICENAME,STATUS,SERVER_BRAND,SERVICE_TYPE,PORT,HOST_MACHINE,INS_USER) VALUES ('TSAGH','Active','Apache','HTTP','80','xyz100049','TEST');
INSERT INTO service(SERVICENAME,STATUS,SERVER_BRAND,SERVICE_TYPE,PORT,HOST_MACHINE,INS_USER) VALUES ('TSCOH','Active','Apache','HTTP','80','ABC013','TEST');
INSERT INTO service(SERVICENAME,STATUS,SERVER_BRAND,SERVICE_TYPE,PORT,HOST_MACHINE,INS_USER) VALUES ('TTAUH','Active','Apache','HTTP','80','ABC014','TEST');
INSERT INTO service(SERVICENAME,STATUS,SERVER_BRAND,SERVICE_TYPE,PORT,HOST_MACHINE,INS_USER) VALUES ('TVIRH','Active','Apache','HTTP','80','xyz100050','TEST');
INSERT INTO service(SERVICENAME,STATUS,SERVER_BRAND,SERVICE_TYPE,PORT,HOST_MACHINE,INS_USER) VALUES ('DAQUH','Active','Apache','HTTP','80','xyz100051','TEST');
INSERT INTO service(SERVICENAME,STATUS,SERVER_BRAND,SERVICE_TYPE,PORT,HOST_MACHINE,INS_USER) VALUES ('DARIH','Active','Apache','HTTP','80','xyz100052','TEST');
INSERT INTO service(SERVICENAME,STATUS,SERVER_BRAND,SERVICE_TYPE,PORT,HOST_MACHINE,INS_USER) VALUES ('DCANH','Active','Apache','HTTP','80','xyz100053','TEST');
INSERT INTO service(SERVICENAME,STATUS,SERVER_BRAND,SERVICE_TYPE,PORT,HOST_MACHINE,INS_USER) VALUES ('DCAPH','Active','Apache','HTTP','80','xyz100054','TEST');
INSERT INTO service(SERVICENAME,STATUS,SERVER_BRAND,SERVICE_TYPE,PORT,HOST_MACHINE,INS_USER) VALUES ('DGEMH','Active','Apache','HTTP','80','xyz100055','TEST');
INSERT INTO service(SERVICENAME,STATUS,SERVER_BRAND,SERVICE_TYPE,PORT,HOST_MACHINE,INS_USER) VALUES ('DLEOH','Active','Apache','HTTP','80','xyz100056','TEST');
INSERT INTO service(SERVICENAME,STATUS,SERVER_BRAND,SERVICE_TYPE,PORT,HOST_MACHINE,INS_USER) VALUES ('DLIBH','Active','Apache','HTTP','80','xyz100057','TEST');
INSERT INTO service(SERVICENAME,STATUS,SERVER_BRAND,SERVICE_TYPE,PORT,HOST_MACHINE,INS_USER) VALUES ('DPISH','Active','Apache','HTTP','80','xyz100058','TEST');
INSERT INTO service(SERVICENAME,STATUS,SERVER_BRAND,SERVICE_TYPE,PORT,HOST_MACHINE,INS_USER) VALUES ('DSAGH','Active','Apache','HTTP','80','xyz100059','TEST');
INSERT INTO service(SERVICENAME,STATUS,SERVER_BRAND,SERVICE_TYPE,PORT,HOST_MACHINE,INS_USER) VALUES ('DSCOH','Active','Apache','HTTP','80','ABC015','TEST');
INSERT INTO service(SERVICENAME,STATUS,SERVER_BRAND,SERVICE_TYPE,PORT,HOST_MACHINE,INS_USER) VALUES ('DTAUH','Active','Apache','HTTP','80','ABC016','TEST');
INSERT INTO service(SERVICENAME,STATUS,SERVER_BRAND,SERVICE_TYPE,PORT,HOST_MACHINE,INS_USER) VALUES ('DVIRH','Active','Apache','HTTP','80','xyz100060','TEST');

INSERT INTO m_env_service (ENV_ID,SERVICENAME,INS_USER) SELECT e.env_ID, 'PAQUD','TEST' from environment e where e.env_name='Aquarius-P';
INSERT INTO m_env_service (ENV_ID,SERVICENAME,INS_USER) SELECT e.env_ID, 'PARID','TEST' from environment e where e.env_name='Aries-P';
INSERT INTO m_env_service (ENV_ID,SERVICENAME,INS_USER) SELECT e.env_ID, 'PCAND','TEST' from environment e where e.env_name='Cancer-P';
INSERT INTO m_env_service (ENV_ID,SERVICENAME,INS_USER) SELECT e.env_ID, 'PCAPD','TEST' from environment e where e.env_name='Capricorn-P';
INSERT INTO m_env_service (ENV_ID,SERVICENAME,INS_USER) SELECT e.env_ID, 'PGEMD','TEST' from environment e where e.env_name='Gemini-P';
INSERT INTO m_env_service (ENV_ID,SERVICENAME,INS_USER) SELECT e.env_ID, 'PLEOD','TEST' from environment e where e.env_name='Leo-P';
INSERT INTO m_env_service (ENV_ID,SERVICENAME,INS_USER) SELECT e.env_ID, 'PLIBD','TEST' from environment e where e.env_name='Libra-P';
INSERT INTO m_env_service (ENV_ID,SERVICENAME,INS_USER) SELECT e.env_ID, 'PPISD','TEST' from environment e where e.env_name='Pisces-P';
INSERT INTO m_env_service (ENV_ID,SERVICENAME,INS_USER) SELECT e.env_ID, 'PSAGD','TEST' from environment e where e.env_name='Sagittarius-P';
INSERT INTO m_env_service (ENV_ID,SERVICENAME,INS_USER) SELECT e.env_ID, 'PSCOD','TEST' from environment e where e.env_name='Scorpio-P';
INSERT INTO m_env_service (ENV_ID,SERVICENAME,INS_USER) SELECT e.env_ID, 'PTAUD','TEST' from environment e where e.env_name='Taurus-P';
INSERT INTO m_env_service (ENV_ID,SERVICENAME,INS_USER) SELECT e.env_ID, 'PVIRD','TEST' from environment e where e.env_name='Virgo-P';
INSERT INTO m_env_service (ENV_ID,SERVICENAME,INS_USER) SELECT e.env_ID, 'TAQUD','TEST' from environment e where e.env_name='Aquarius-T';
INSERT INTO m_env_service (ENV_ID,SERVICENAME,INS_USER) SELECT e.env_ID, 'TARID','TEST' from environment e where e.env_name='Aries-T';
INSERT INTO m_env_service (ENV_ID,SERVICENAME,INS_USER) SELECT e.env_ID, 'TCAND','TEST' from environment e where e.env_name='Cancer-T';
INSERT INTO m_env_service (ENV_ID,SERVICENAME,INS_USER) SELECT e.env_ID, 'TCAPD','TEST' from environment e where e.env_name='Capricorn-T';
INSERT INTO m_env_service (ENV_ID,SERVICENAME,INS_USER) SELECT e.env_ID, 'TGEMD','TEST' from environment e where e.env_name='Gemini-T';
INSERT INTO m_env_service (ENV_ID,SERVICENAME,INS_USER) SELECT e.env_ID, 'TLEOD','TEST' from environment e where e.env_name='Leo-T';
INSERT INTO m_env_service (ENV_ID,SERVICENAME,INS_USER) SELECT e.env_ID, 'TLIBD','TEST' from environment e where e.env_name='Libra-T';
INSERT INTO m_env_service (ENV_ID,SERVICENAME,INS_USER) SELECT e.env_ID, 'TPISD','TEST' from environment e where e.env_name='Pisces-T';
INSERT INTO m_env_service (ENV_ID,SERVICENAME,INS_USER) SELECT e.env_ID, 'TSAGD','TEST' from environment e where e.env_name='Sagittarius-T';
INSERT INTO m_env_service (ENV_ID,SERVICENAME,INS_USER) SELECT e.env_ID, 'TSCOD','TEST' from environment e where e.env_name='Scorpio-T';
INSERT INTO m_env_service (ENV_ID,SERVICENAME,INS_USER) SELECT e.env_ID, 'TTAUD','TEST' from environment e where e.env_name='Taurus-T';
INSERT INTO m_env_service (ENV_ID,SERVICENAME,INS_USER) SELECT e.env_ID, 'TVIRD','TEST' from environment e where e.env_name='Virgo-T';
INSERT INTO m_env_service (ENV_ID,SERVICENAME,INS_USER) SELECT e.env_ID, 'DAQUD','TEST' from environment e where e.env_name='Aquarius-D';
INSERT INTO m_env_service (ENV_ID,SERVICENAME,INS_USER) SELECT e.env_ID, 'DARID','TEST' from environment e where e.env_name='Aries-D';
INSERT INTO m_env_service (ENV_ID,SERVICENAME,INS_USER) SELECT e.env_ID, 'DCAND','TEST' from environment e where e.env_name='Cancer-D';
INSERT INTO m_env_service (ENV_ID,SERVICENAME,INS_USER) SELECT e.env_ID, 'DCAPD','TEST' from environment e where e.env_name='Capricorn-D';
INSERT INTO m_env_service (ENV_ID,SERVICENAME,INS_USER) SELECT e.env_ID, 'DGEMD','TEST' from environment e where e.env_name='Gemini-D';
INSERT INTO m_env_service (ENV_ID,SERVICENAME,INS_USER) SELECT e.env_ID, 'DLEOD','TEST' from environment e where e.env_name='Leo-D';
INSERT INTO m_env_service (ENV_ID,SERVICENAME,INS_USER) SELECT e.env_ID, 'DLIBD','TEST' from environment e where e.env_name='Libra-D';
INSERT INTO m_env_service (ENV_ID,SERVICENAME,INS_USER) SELECT e.env_ID, 'DPISD','TEST' from environment e where e.env_name='Pisces-D';
INSERT INTO m_env_service (ENV_ID,SERVICENAME,INS_USER) SELECT e.env_ID, 'DSAGD','TEST' from environment e where e.env_name='Sagittarius-D';
INSERT INTO m_env_service (ENV_ID,SERVICENAME,INS_USER) SELECT e.env_ID, 'DSCOD','TEST' from environment e where e.env_name='Scorpio-D';
INSERT INTO m_env_service (ENV_ID,SERVICENAME,INS_USER) SELECT e.env_ID, 'DTAUD','TEST' from environment e where e.env_name='Taurus-D';
INSERT INTO m_env_service (ENV_ID,SERVICENAME,INS_USER) SELECT e.env_ID, 'DVIRD','TEST' from environment e where e.env_name='Virgo-D';
INSERT INTO m_env_service (ENV_ID,SERVICENAME,INS_USER) SELECT e.env_ID, 'PAQUH','TEST' from environment e where e.env_name='Aquarius-P';
INSERT INTO m_env_service (ENV_ID,SERVICENAME,INS_USER) SELECT e.env_ID, 'PARIH','TEST' from environment e where e.env_name='Aries-P';
INSERT INTO m_env_service (ENV_ID,SERVICENAME,INS_USER) SELECT e.env_ID, 'PCANH','TEST' from environment e where e.env_name='Cancer-P';
INSERT INTO m_env_service (ENV_ID,SERVICENAME,INS_USER) SELECT e.env_ID, 'PCAPH','TEST' from environment e where e.env_name='Capricorn-P';
INSERT INTO m_env_service (ENV_ID,SERVICENAME,INS_USER) SELECT e.env_ID, 'PGEMH','TEST' from environment e where e.env_name='Gemini-P';
INSERT INTO m_env_service (ENV_ID,SERVICENAME,INS_USER) SELECT e.env_ID, 'PLEOH','TEST' from environment e where e.env_name='Leo-P';
INSERT INTO m_env_service (ENV_ID,SERVICENAME,INS_USER) SELECT e.env_ID, 'PLIBH','TEST' from environment e where e.env_name='Libra-P';
INSERT INTO m_env_service (ENV_ID,SERVICENAME,INS_USER) SELECT e.env_ID, 'PPISH','TEST' from environment e where e.env_name='Pisces-P';
INSERT INTO m_env_service (ENV_ID,SERVICENAME,INS_USER) SELECT e.env_ID, 'PSAGH','TEST' from environment e where e.env_name='Sagittarius-P';
INSERT INTO m_env_service (ENV_ID,SERVICENAME,INS_USER) SELECT e.env_ID, 'PSCOH','TEST' from environment e where e.env_name='Scorpio-P';
INSERT INTO m_env_service (ENV_ID,SERVICENAME,INS_USER) SELECT e.env_ID, 'PTAUH','TEST' from environment e where e.env_name='Taurus-P';
INSERT INTO m_env_service (ENV_ID,SERVICENAME,INS_USER) SELECT e.env_ID, 'PVIRH','TEST' from environment e where e.env_name='Virgo-P';
INSERT INTO m_env_service (ENV_ID,SERVICENAME,INS_USER) SELECT e.env_ID, 'TAQUH','TEST' from environment e where e.env_name='Aquarius-T';
INSERT INTO m_env_service (ENV_ID,SERVICENAME,INS_USER) SELECT e.env_ID, 'TARIH','TEST' from environment e where e.env_name='Aries-T';
INSERT INTO m_env_service (ENV_ID,SERVICENAME,INS_USER) SELECT e.env_ID, 'TCANH','TEST' from environment e where e.env_name='Cancer-T';
INSERT INTO m_env_service (ENV_ID,SERVICENAME,INS_USER) SELECT e.env_ID, 'TCAPH','TEST' from environment e where e.env_name='Capricorn-T';
INSERT INTO m_env_service (ENV_ID,SERVICENAME,INS_USER) SELECT e.env_ID, 'TGEMH','TEST' from environment e where e.env_name='Gemini-T';
INSERT INTO m_env_service (ENV_ID,SERVICENAME,INS_USER) SELECT e.env_ID, 'TLEOH','TEST' from environment e where e.env_name='Leo-T';
INSERT INTO m_env_service (ENV_ID,SERVICENAME,INS_USER) SELECT e.env_ID, 'TLIBH','TEST' from environment e where e.env_name='Libra-T';
INSERT INTO m_env_service (ENV_ID,SERVICENAME,INS_USER) SELECT e.env_ID, 'TPISH','TEST' from environment e where e.env_name='Pisces-T';
INSERT INTO m_env_service (ENV_ID,SERVICENAME,INS_USER) SELECT e.env_ID, 'TSAGH','TEST' from environment e where e.env_name='Sagittarius-T';
INSERT INTO m_env_service (ENV_ID,SERVICENAME,INS_USER) SELECT e.env_ID, 'TSCOH','TEST' from environment e where e.env_name='Scorpio-T';
INSERT INTO m_env_service (ENV_ID,SERVICENAME,INS_USER) SELECT e.env_ID, 'TTAUH','TEST' from environment e where e.env_name='Taurus-T';
INSERT INTO m_env_service (ENV_ID,SERVICENAME,INS_USER) SELECT e.env_ID, 'TVIRH','TEST' from environment e where e.env_name='Virgo-T';
INSERT INTO m_env_service (ENV_ID,SERVICENAME,INS_USER) SELECT e.env_ID, 'DAQUH','TEST' from environment e where e.env_name='Aquarius-D';
INSERT INTO m_env_service (ENV_ID,SERVICENAME,INS_USER) SELECT e.env_ID, 'DARIH','TEST' from environment e where e.env_name='Aries-D';
INSERT INTO m_env_service (ENV_ID,SERVICENAME,INS_USER) SELECT e.env_ID, 'DCANH','TEST' from environment e where e.env_name='Cancer-D';
INSERT INTO m_env_service (ENV_ID,SERVICENAME,INS_USER) SELECT e.env_ID, 'DCAPH','TEST' from environment e where e.env_name='Capricorn-D';
INSERT INTO m_env_service (ENV_ID,SERVICENAME,INS_USER) SELECT e.env_ID, 'DGEMH','TEST' from environment e where e.env_name='Gemini-D';
INSERT INTO m_env_service (ENV_ID,SERVICENAME,INS_USER) SELECT e.env_ID, 'DLEOH','TEST' from environment e where e.env_name='Leo-D';
INSERT INTO m_env_service (ENV_ID,SERVICENAME,INS_USER) SELECT e.env_ID, 'DLIBH','TEST' from environment e where e.env_name='Libra-D';
INSERT INTO m_env_service (ENV_ID,SERVICENAME,INS_USER) SELECT e.env_ID, 'DPISH','TEST' from environment e where e.env_name='Pisces-D';
INSERT INTO m_env_service (ENV_ID,SERVICENAME,INS_USER) SELECT e.env_ID, 'DSAGH','TEST' from environment e where e.env_name='Sagittarius-D';
INSERT INTO m_env_service (ENV_ID,SERVICENAME,INS_USER) SELECT e.env_ID, 'DSCOH','TEST' from environment e where e.env_name='Scorpio-D';
INSERT INTO m_env_service (ENV_ID,SERVICENAME,INS_USER) SELECT e.env_ID, 'DTAUH','TEST' from environment e where e.env_name='Taurus-D';
INSERT INTO m_env_service (ENV_ID,SERVICENAME,INS_USER) SELECT e.env_ID, 'DVIRH','TEST' from environment e where e.env_name='Virgo-D';
